{"regist_target_img_scalef": 0.24453864, "tissue_hires_scalef": 0.081512876, "tissue_lowres_scalef": 0.024453864, "fiducial_diameter_fullres": 323.26020736928524, "spot_diameter_fullres": 215.5068049128568}